﻿<?xml version="1.0" encoding="utf-8"?>
<Project ToolsVersion="4.0" xmlns="http://schemas.microsoft.com/developer/msbuild/2003">
  <PropertyGroup>
    <IncludeCompositeObjects>True</IncludeCompositeObjects>
    <TargetDatabaseName>Acreditaciones_db</TargetDatabaseName>
    <DeployScriptFileName>Acreditaciones_db.sql</DeployScriptFileName>
    <TargetConnectionString>Data Source=ig4mahqcfa.database.windows.net,1433;Persist Security Info=True;User ID=congresobioq@ig4mahqcfa;Pooling=False</TargetConnectionString>
    <ProfileVersionNumber>1</ProfileVersionNumber>
  </PropertyGroup>
</Project>